building;[building];;addr:housenumber;name;1;
highway|residential;2;
highway|service;3;
waterway|stream;4;
highway|unclassified;5;
natural|water;6;
highway|footway;7;
highway|track;8;
highway|tertiary;9;
power|tower;10;
landuse|forest;[landuse=forest],[natural=wood];;name;int_name;11;
landuse|grass;12;
highway|secondary;13;
natural|wood;14;landuse|forest
landuse|residential;15;
highway|path;16;
highway|bus_stop;17;
natural|tree;18;
place|locality;19;
natural|coastline;20;
place|village;21;
deprecated|deprecated;22;x
waterway|river;23;
hwtag|oneway;24;
hwtag|private;25;
amenity|parking;26;
highway|primary;27;
railway|rail;28;
highway|service|parking_aisle;[highway=service][service=parking_aisle];;name;int_name;29;
place|hamlet;30;
highway|road;31;
highway|track|grade2;[highway=track][tracktype=grade2];;name;int_name;32;
natural|wetland;33;
highway|track|grade3;[highway=track][tracktype=grade3];;name;int_name;34;
boundary|administrative|8;[boundary=administrative][admin_level=8];;name;int_name;35;
amenity|school;36;
highway|cycleway;37;
landuse|farm;38;
amenity|place_of_worship;39;
highway|track|grade1;[highway=track][tracktype=grade1];;name;int_name;40;
deprecated|deprecated;41;x
highway|service|driveway;[highway=service][service=driveway];;name;int_name;42;
deprecated|deprecated;43;x
highway|motorway_link;44;
waterway|stream|intermittent;[waterway=stream][intermittent=yes];;name;int_name;45;
highway|track|grade4;[highway=track][tracktype=grade4];;name;int_name;46;
natural|water|pond;[natural=water][water=pond];;name;int_name;47;
landuse|farmland;48;
barrier|fence;49;
natural|water|lake;[natural=water][water=lake];;name;int_name;50;
power|pole;51;
waterway|riverbank;52;
highway|path|bicycle;[highway=path][bicycle?];;name;int_name;53;
landuse|meadow;54;
highway|living_street;55;
man_made|survey_point;56;
natural|peak;57;
highway|motorway;58;
highway|steps;59;
waterway|ditch;60;
amenity|restaurant;61;
landuse|reservoir;62;
highway|track|grade5;[highway=track][tracktype=grade5];;name;int_name;63;
amenity|bench;64;
deprecated|deprecated;65;x
highway|trunk;66;
amenity|fuel;67;
leisure|park;68;
leisure|pitch;69;
highway|pedestrian;70;
natural|scrub;71;
highway|motorway|bridge;[highway=motorway][bridge?];;name;int_name;72;
deprecated|deprecated;73;x
railway|level_crossing;74;
landuse|industrial;75;
barrier|wall;76;
amenity|post_box;77;
place|town;78;
power|line;[power=line][!location];;name;int_name;79;
landuse|farmyard;80;
highway|residential|bridge;[highway=residential][bridge?];;name;int_name;81;
railway|rail|bridge;[railway=rail][bridge?];;name;int_name;82;
boundary|administrative|10;[boundary=administrative][admin_level=10];;name;int_name;83;
boundary|administrative|6;[boundary=administrative][admin_level=6];;name;int_name;84;
highway|secondary|bridge;[highway=secondary][bridge?];;name;int_name;85;
highway|tertiary|bridge;[highway=tertiary][bridge?];;name;int_name;86;
barrier|bollard;87;
leisure|playground;88;
waterway|drain;89;
waterway|canal;90;
highway|trunk_link;91;
highway|unclassified|bridge;[highway=unclassified][bridge?];;name;int_name;92;
landuse|forest|deciduous;[landuse=forest][wood=deciduous],[landuse=forest][leaf_type=deciduous],[landuse=forest][leaf_cycle=deciduous],[natural=wood][wood=deciduous],[natural=wood][leaf_type=deciduous],[natural=wood][leaf_cycle=deciduous];;name;int_name;93;
place|island;94;
highway|primary|bridge;[highway=primary][bridge?];;name;int_name;95;
highway|primary_link;96;
amenity|fast_food;97;
highway|footway|bridge;[highway=footway][bridge?];;name;int_name;98;
amenity|bank;99;
barrier|hedge;100;
amenity|pub;101;
leisure|swimming_pool;[leisure=swimming_pool],[amenity=swimming_pool];;name;int_name;102;
natural|land;103;
tourism|hotel;[tourism=hotel],[hotel=yes];;name;int_name;104;
landuse|cemetery;105;
sport|soccer;106;
boundary|administrative|4;[boundary=administrative][admin_level=4];;name;int_name;107;
amenity|cafe;108;
amenity|recycling|container;[amenity=recycling][recycling_type=container];;name;int_name;109;
leisure|garden;110;
landuse|commercial;111;
railway|station;112;
highway|path|hiking;[highway=path][route=hiking],[highway=path][sac_scale=hiking];;name;int_name;113;
amenity|hospital;114;
waterway|stream|ephemeral;[waterway=stream][intermittent=ephemeral];;name;int_name;115;
highway|trunk|bridge;[highway=trunk][bridge?];;name;int_name;116;
amenity|post_office;117;
landuse|quarry;118;
amenity|pharmacy;119;
man_made|pier;120;
highway|motorway_junction;121;
amenity|telephone;122;
waterway|stream|tunnel;[waterway=stream][tunnel?];;name;int_name;123;
tourism|information|guidepost;[tourism=information][information=guidepost];;name;int_name;124;
amenity|parking|fee;[amenity=parking][fee?];;name;int_name;125;
amenity|kindergarten;126;
leisure|swimming_pool|private;[leisure=swimming_pool][access=private],[amenity=swimming_pool][access=private];;name;int_name;127;
place|suburb;128;
landuse|allotments;129;
landuse|forest|coniferous;[landuse=forest][wood=coniferous],[landuse=forest][leaf_type=coniferous],[natural=wood][wood=coniferous],[natural=wood][leaf_type=coniferous];;name;int_name;130;
landuse|forest|mixed;[landuse=forest][wood=mixed],[landuse=forest][leaf_type=mixed],[landuse=forest][leaf_cycle=mixed],[natural=wood][wood=mixed],[natural=wood][leaf_type=mixed],[natural=wood][leaf_cycle=mixed];;name;int_name;131;
natural|wood|mixed;[natural=wood][wood=mixed],[natural=wood][leaf_type=mixed],[natural=wood][leaf_cycle=mixed];x;name;int_name;132;landuse|forest|mixed
sport|tennis;133;
landuse|vineyard;134;
aeroway|taxiway;135;
aeroway|aerodrome;136;
leisure|garden|residential;[leisure=garden][garden:type=residential];;name;int_name;137;
amenity|fire_station;138;
landuse|retail;139;
leisure|nature_reserve;140;
leisure|pitch|tennis;[leisure=pitch][sport=tennis];x;name;int_name;141;leisure|pitch
tourism|information;142;
highway|motorway_link|bridge;[highway=motorway_link][bridge?];;name;int_name;143;
railway|abandoned;144;
amenity|parking|private;[amenity=parking][access=private];;name;int_name;145;
boundary|administrative|7;[boundary=administrative][admin_level=7];;name;int_name;146;
tourism|attraction;147;
natural|water|reservoir;[natural=water][water=reservoir];;name;int_name;148;
natural|water|river;[natural=water][water=river];;name;int_name;149;
railway|tram;150;
amenity|toilets;151;
natural|water|basin;[natural=water][water=basin];;name;int_name;152;
highway|footway|permissive;[highway=footway][access=permissive],[highway=footway][foot=permissive];;name;int_name;153;
leisure|picnic_table;154;
landuse|construction;155;
tourism|viewpoint;156;
amenity|atm;157;
highway|pedestrian|area;[highway=pedestrian][area?];;name;int_name;158;
tourism|picnic_site;159;
shop|supermarket;160;
shop|convenience;161;
shop|bakery;162;
highway|construction;163;
highway|cycleway|bridge;[highway=cycleway][bridge?];;name;int_name;164;
leisure|sports_centre;165;
highway|path|mountain_hiking;[highway=path][sac_scale=mountain_hiking];;name;int_name;166;
tourism|camp_site;167;
highway|bridleway;168;
natural|heath;169;
landuse|basin;170;
amenity|library;171;
natural|wood|coniferous;[natural=wood][wood=coniferous],[natural=wood][leaf_type=coniferous];x;name;int_name;172;landuse|forest|coniferous
landuse|recreation_ground;173;
landuse|village_green;174;
amenity|drinking_water;175;
amenity|university;176;
highway|secondary_link;177;
power|substation;178;
railway|tram_stop;179;
place|city;180;
amenity|shelter;181;
natural|beach;182;
highway|footway|tunnel;[highway=footway][tunnel?];;name;int_name;183;
shop|hairdresser;184;
amenity|hunting_stand;185;
boundary|administrative|9;[boundary=administrative][admin_level=9];;name;int_name;186;
amenity|fountain;187;
natural|beach|sand;[natural=beach][surface=sand];;name;int_name;188;
amenity|bar;189;
landuse|garages;190;
boundary|administrative|2;[boundary=administrative][admin_level=2];;name;int_name;191;
leisure|common;192;
highway|track|bridge;[highway=track][bridge?];;name;int_name;193;
highway|path|bridge;[highway=path][bridge?];;name;int_name;194;
piste:type|nordic;195;
natural|beach|gravel;[natural=beach][surface=gravel];;name;int_name;196;
railway|crossing;197;
boundary|national_park;198;
natural|wood|deciduous;[natural=wood][wood=deciduous],[natural=wood][leaf_type=deciduous],[natural=wood][leaf_cycle=deciduous];x;name;int_name;199;landuse|forest|deciduous
waterway|dam;200;
deprecated|deprecated;201;x
leisure|golf_course;202;
highway|service|bridge;[highway=service][bridge?];;name;int_name;203;
power|minor_line;204;
natural|wetland|marsh;[natural=wetland][wetland=marsh],[natural=marsh];;name;int_name;205;
leisure|stadium;206;
amenity|doctors;207;
railway|disused;208;
aeroway|runway;209;
railway|halt;210;
man_made|mast;211;
railway|rail|tunnel;[railway=rail][tunnel?];;name;int_name;212;
man_made|wastewater_plant;213;
man_made|flagpole;214;
place|county;215;
sport|table_tennis;216;
sport|beachvolleyball;217;
sport|volleyball;218;
power|station;219;
sport|swimming;220;
leisure|track;221;
sport|skateboard;222;
barrier|retaining_wall;223;
amenity|college;224;
sport|baseball;225;
highway|service|area;[highway=service][area?];;name;int_name;226;
highway|residential|area;[highway=residential][area?];;name;int_name;227;
amenity|bus_station;228;
highway|track|permissive;[highway=track][access=permissive];;name;int_name;229;
waterway|drain|tunnel;[waterway=drain][tunnel?];;name;int_name;230;
landuse|cemetery|christian;[landuse=cemetery][religion=christian];;name;int_name;231;
highway|cycleway|tunnel;[highway=cycleway][tunnel?];;name;int_name;232;
amenity|parking|permissive;[amenity=parking][access=permissive];;name;int_name;233;
boundary|administrative|5;[boundary=administrative][admin_level=5];;name;int_name;234;
highway|unclassified|tunnel;[highway=unclassified][tunnel?];;name;int_name;235;
amenity|recycling|centre;[amenity=recycling][recycling_type=centre];;name;int_name;236;
amenity|recycling;237;
highway|residential|tunnel;[highway=residential][tunnel?];;name;int_name;238;
aeroway|helipad;239;
highway|path|permissive;[highway=path][access=permissive];;name;int_name;240;
place|islet;241;
sport|basketball;242;
amenity|cinema;243;
amenity|theatre;244;
sport|chess;245;
railway|spur;246;
aerialway|station;247;
landuse|brownfield;248;
aeroway|apron;249;
natural|glacier;250;
amenity|grave_yard;251;
waterway|canal|tunnel;[waterway=canal][tunnel?];;name;int_name;252;
piste:type|downhill|easy;[piste:type=downhill][piste:difficulty=easy];;name;int_name;253;
waterway|ditch|tunnel;[waterway=ditch][tunnel?];;name;int_name;254;
deprecated|deprecated;255;x
piste:type|downhill|intermediate;[piste:type=downhill][piste:difficulty=intermediate];;name;int_name;256;
railway|subway_entrance;257;
deprecated|deprecated;258;x
man_made|pipeline;[man_made=pipeline][!location];;name;int_name;259;
route|ferry;260;
highway|trunk_link|bridge;[highway=trunk_link][bridge?];;name;int_name;261;
landuse|military;262;
highway|service|tunnel;[highway=service][tunnel?];;name;int_name;263;
railway|light_rail;264;
place|region;265;
railway|narrow_gauge;266;
railway|subway;267;
natural|cave_entrance;[natural=cave_entrance],[natural=cave];;name;int_name;268;
highway|tertiary|tunnel;[highway=tertiary][tunnel?];;name;int_name;269;
landuse|landfill;270;
amenity|bicycle_rental;271;
amenity|bicycle_repair_station;272;
highway|tertiary_link;273;
landuse|greenfield;274;
tourism|alpine_hut;275;
highway|footway|area;[highway=footway][area?];;name;int_name;276;
tourism|hostel;277;
waterway|river|tunnel;[waterway=river][tunnel?];;name;int_name;278;
boundary|administrative|county;[boundary=administrative][border_type=county];;name;int_name;279;
highway|road|bridge;[highway=road][bridge?];;name;int_name;280;
boundary|administrative|3;[boundary=administrative][admin_level=3];;name;int_name;281;
deprecated|deprecated;282;x
boundary|administrative;283;
deprecated|deprecated;284;x
deprecated|deprecated;285;x
sport|athletics;286;
landuse|railway;287;
leisure|slipway;288;
tourism|caravan_site;289;
place|state;290;
deprecated|deprecated;291;x
railway|subway|tunnel;[railway=subway][tunnel?];;name;int_name;292;
barrier|city_wall;293;
place|farm;294;
boundary|administrative|11;[boundary=administrative][admin_level=11];;name;int_name;295;
waterway|weir;296;
highway|secondary|tunnel;[highway=secondary][tunnel?];;name;int_name;297;
railway|abandoned|bridge;[railway=abandoned][bridge?];;name;int_name;298;
man_made|lighthouse;299;
highway|path|demanding_mountain_hiking;[highway=path][sac_scale=demanding_mountain_hiking];;name;int_name;300;
man_made|storage_tank;301;
man_made|silo;302;
power|generator;303;
highway|pedestrian|bridge;[highway=pedestrian][bridge?];;name;int_name;304;
man_made|pipeline|overground;[man_made=pipeline][location=overground];x;name;int_name;305;man_made|pipeline
natural|saddle;306;
mountain_pass;[mountain_pass];;name;int_name;307;
highway|raceway;308;
highway|primary|tunnel;[highway=primary][tunnel?];;name;int_name;309;
highway|primary_link|bridge;[highway=primary_link][bridge?];;name;int_name;310;
deprecated|deprecated;311;x
sport|equestrian;312;
tourism|information|office;[tourism=information][office],[tourism=information][information=office];;name;int_name;313;
highway|footway|hiking;[highway=footway][sac_scale=hiking];;name;int_name;314;
aeroway|gate;315;
railway|preserved;316;
highway|path|horse;[highway=path][horse?];;name;int_name;317;
landuse|field;318;
deprecated|deprecated;319;x
leisure|water_park;320;
natural|wetland|bog;[natural=wetland][wetland=bog];;name;int_name;321;
man_made|windmill;322;
military|bunker;323;
aerialway|chair_lift;324;
amenity|grave_yard|christian;[amenity=grave_yard][religion=christian];;name;int_name;325;
highway|trunk|tunnel;[highway=trunk][tunnel?];;name;int_name;326;
highway|steps|tunnel;[highway=steps][tunnel?];;name;int_name;327;
amenity|car_sharing;328;
sport|football;329;sport|soccer
highway|steps|bridge;[highway=steps][bridge?];;name;int_name;330;
highway|track|tunnel;[highway=track][tunnel?];;name;int_name;331;
highway|pedestrian|tunnel;[highway=pedestrian][tunnel?];;name;int_name;332;
deprecated|deprecated;333;x
sport|cricket;334;
sport|bowls;335;
highway|path|tunnel;[highway=path][tunnel?];;name;int_name;336;
man_made|breakwater;337;
amenity|parking|permissive|fee;[amenity=parking][access=permissive][fee?];x;name;int_name;338;amenity|parking|permissive
deprecated|deprecated;339;x
tourism|zoo;340;
sport|gymnastics;341;
deprecated|deprecated;342;x
railway|subway|bridge;[railway=subway][bridge?];;name;int_name;343;
railway|light_rail|bridge;[railway=light_rail][bridge?];;name;int_name;344;
aeroway|terminal;345;
railway|tram|bridge;[railway=tram][bridge?];;name;int_name;346;
piste:type|downhill|advanced;[piste:type=downhill][piste:difficulty=advanced];;name;int_name;347;
sport|shooting;348;
place|country;349;
highway|path|alpine_hiking;[highway=path][sac_scale=alpine_hiking];;name;int_name;350;
deprecated|deprecated;351;x
sport|scuba_diving;352;
highway|cycleway|permissive;[highway=cycleway][access=permissive];;name;int_name;353;
highway|unclassified|area;[highway=unclassified][area?];;name;int_name;354;
natural|volcano;355;
amenity|parking|underground|fee;[amenity=parking][location=underground][fee?],[amenity=parking][parking=underground][fee?];x;name;int_name;356;amenity|parking|underground
amenity|parking|underground;[amenity=parking][location=underground],[amenity=parking][parking=underground];;name;int_name;357;
deprecated|deprecated;358;x
amenity|parking|multi-storey;[amenity=parking][parking=multi-storey];;name;int_name;359;
leisure|recreation_ground;360;
highway|footway|mountain_hiking;[highway=footway][sac_scale=mountain_hiking];;name;int_name;361;
highway|service|driveway|bridge;[highway=service][service=driveway][bridge?];x;name;int_name;362;highway|service|driveway
amenity|parking|multi-storey|fee;[amenity=parking][parking=multi-storey][fee?];x;name;int_name;363;amenity|parking|multi-storey
sport|9pin;364;
sport|10pin;365;
piste:type|downhill|novice;[piste:type=downhill][piste:difficulty=novice];;name;int_name;366;
railway|narrow_gauge|bridge;[railway=narrow_gauge][bridge?];;name;int_name;367;
deprecated|deprecated;368;x
deprecated|deprecated;369;x
highway|bridleway|permissive;[highway=bridleway][access=permissive];;name;int_name;370;
railway|construction;371;
deprecated|deprecated;372;x
landuse|greenhouse_horticulture;373;
deprecated|deprecated;374;x
amenity|bureau_de_change;375;
deprecated|deprecated;376;x
deprecated|deprecated;377;x
highway|bridleway|bridge;[highway=bridleway][bridge?];;name;int_name;378;
highway|service|driveway|tunnel;[highway=service][service=driveway][tunnel?];x;name;int_name;379;highway|service|driveway
deprecated|deprecated;380;x
amenity|events_venue;381;
railway|narrow_gauge|tunnel;[railway=narrow_gauge][tunnel?];;name;int_name;382;
amenity|loading_dock;383;
waterway|dock;384;
deprecated|deprecated;385;x
highway|service|driveway|area;[highway=service][service=driveway][area?];x;name;int_name;386;highway|service|driveway
deprecated|deprecated;387;x
place|city|capital;[place=city][capital?];;name;int_name;388;
aerialway|cable_car;389;
piste:type|downhill;390;
sport|american_football;391;
landuse|education;392;
man_made|cairn;393;
railway|preserved|bridge;[railway=preserved][bridge?];;name;int_name;394;
highway|path|demanding_alpine_hiking;[highway=path][sac_scale=demanding_alpine_hiking];;name;int_name;395;
deprecated|deprecated;396;x
highway|secondary_link|bridge;[highway=secondary_link][bridge?];;name;int_name;397;
railway|tram|tunnel;[railway=tram][tunnel?];;name;int_name;398;
deprecated|deprecated;399;x
railway|abandoned|tunnel;[railway=abandoned][tunnel?];;name;int_name;400;
area:highway|living_street;401;
piste:type|sled;402;
leisure|beach_resort;403;
leisure|dog_park;404;
aerialway|gondola;405;
historic|museum;[historic=museum];x;name;int_name;406;tourism|museum
highway|living_street|bridge;[highway=living_street][bridge?];;name;int_name;407;
leisure|track|area;[leisure=track][area?];;name;int_name;408;
railway|monorail;409;
deprecated|deprecated;410;x
deprecated|deprecated;411;x
leisure|park|private;[leisure=park][access=private];;name;int_name;412;
deprecated|deprecated;413;x
noexit;[noexit?];;name;int_name;414;
healthcare|laboratory;415;
highway|motorway|tunnel;[highway=motorway][tunnel?];;name;int_name;416;
railway|light_rail|tunnel;[railway=light_rail][tunnel?];;name;int_name;417;
area:highway|service;418;
deprecated|deprecated;419;x
deprecated|deprecated;420;x
deprecated|deprecated;421;x
deprecated|deprecated;422;x
highway|road|tunnel;[highway=road][tunnel?];;name;int_name;423;
sport|archery;424;
deprecated|deprecated;425;x
deprecated|deprecated;426;x
highway|ford;427;
area:highway|path;428;
railway|siding;429;
highway|track|area;[highway=track][area?];;name;int_name;430;
amenity|sanitary_dump_station;431;
railway|funicular;432;
amenity|waste_transfer_station;433;
historic|battlefield;434;
deprecated|deprecated;435;x
sport|australian_football;436;
deprecated|deprecated;437;x
deprecated|deprecated;438;x
deprecated|deprecated;439;x
deprecated|deprecated;440;x
piste:lift|t-bar;441;
deprecated|deprecated;442;x
deprecated|deprecated;443;x
highway|path|difficult_alpine_hiking;[highway=path][sac_scale=difficult_alpine_hiking];;name;int_name;444;
earthquake:damage|spontaneous_camp;445;
deprecated|deprecated;446;x
railway|yard;447;
deprecated|deprecated;448;x
natural|meadow;449;landuse|meadow
deprecated|deprecated;450;x
railway|razed;451;
highway|footway|demanding_mountain_hiking;[highway=footway][sac_scale=demanding_mountain_hiking];;name;int_name;452;
deprecated|deprecated;453;x
deprecated|deprecated;454;x
landuse|orchard;455;
deprecated|deprecated;456;x
highway|living_street|tunnel;[highway=living_street][tunnel?];;name;int_name;457;
deprecated|deprecated;458;x
deprecated|deprecated;459;x
deprecated|deprecated;460;x
sport|handball;461;
boundary|administrative|city;[boundary=administrative][border_type=city];;name;int_name;462;
piste:type|downhill|freeride;[piste:type=downhill][piste:difficulty=freeride];;name;int_name;463;
deprecated|deprecated;464;x
deprecated|deprecated;465;x
piste:type|downhill|expert;[piste:type=downhill][piste:difficulty=expert];;name;int_name;466;
landuse|salt_pond;467;
cemetery|grave;468;
railway|monorail|bridge;[railway=monorail][bridge?];;name;int_name;469;
area:highway|steps;470;
deprecated|deprecated;471;x
deprecated|deprecated;472;x
deprecated|deprecated;473;x
natural|grassland;474;
deprecated|deprecated;475;x
deprecated|deprecated;476;x
piste:lift|platter;477;
deprecated|deprecated;478;x
deprecated|deprecated;479;x
railway|preserved|tunnel;[railway=preserved][tunnel?];;name;int_name;480;
deprecated|deprecated;481;x
deprecated|deprecated;482;x
deprecated|deprecated;483;x
deprecated|deprecated;484;x
deprecated|deprecated;485;x
deprecated|deprecated;486;x
leisure|park|permissive;[leisure=park][access=permissive];;name;int_name;487;
highway|bridleway|tunnel;[highway=bridleway][tunnel?];;name;int_name;488;
highway|motorway_link|tunnel;[highway=motorway_link][tunnel?];;name;int_name;489;
deprecated|deprecated;490;x
deprecated|deprecated;491;x
deprecated|deprecated;492;x
highway|tertiary_link|bridge;[highway=tertiary_link][bridge?];;name;int_name;493;
deprecated|deprecated;494;x
amenity|parking|park_and_ride;[amenity=parking][parking=park_and_ride];;name;int_name;495;
deprecated|deprecated;496;x
deprecated|deprecated;497;x
natural|water|lock;[natural=water][water=lock];;name;int_name;498;
waterway|lock;499;waterway|canal
deprecated|deprecated;500;x
deprecated|deprecated;501;x
deprecated|deprecated;502;x
highway|trunk_link|tunnel;[highway=trunk_link][tunnel?];;name;int_name;503;
deprecated|deprecated;504;x
deprecated|deprecated;505;x
deprecated|deprecated;506;x
deprecated|deprecated;507;x
deprecated|deprecated;508;x
railway|spur|bridge;[railway=spur][bridge?];;name;int_name;509;
deprecated|deprecated;510;x
deprecated|deprecated;511;x
deprecated|deprecated;512;x
sport|curling;513;
deprecated|deprecated;514;x
deprecated|deprecated;515;x
deprecated|deprecated;516;x
deprecated|deprecated;517;x
deprecated|deprecated;518;x
deprecated|deprecated;519;x
sport|diving;520;
deprecated|deprecated;521;x
boundary|administrative|suburb;[boundary=administrative][border_type=suburb];;name;int_name;522;
deprecated|deprecated;523;x
railway|monorail|tunnel;[railway=monorail][tunnel?];;name;int_name;524;
railway|funicular|bridge;[railway=funicular][bridge?];;name;int_name;525;
deprecated|deprecated;526;x
deprecated|deprecated;527;x
highway|primary_link|tunnel;[highway=primary_link][tunnel?];;name;int_name;528;
highway|footway|alpine_hiking;[highway=footway][sac_scale=alpine_hiking];;name;int_name;529;
deprecated|deprecated;530;x
deprecated|deprecated;531;x
deprecated|deprecated;532;x
leisure|landscape_reserve;533;
deprecated|deprecated;534;x
deprecated|deprecated;535;x
boundary|administrative|state;[boundary=administrative][border_type=state];;name;int_name;536;
deprecated|deprecated;537;x
deprecated|deprecated;538;x
railway|funicular|tunnel;[railway=funicular][tunnel?];;name;int_name;539;
barrier|cycle_barrier;540;
deprecated|deprecated;541;x
amenity|speed_trap;542;highway|speed_camera
area:highway|track;543;
area:highway|primary;544;
deprecated|deprecated;545;x
deprecated|deprecated;546;x
deprecated|deprecated;547;x
deprecated|deprecated;548;x
deprecated|deprecated;549;x
waterway|lock_gate;550;
deprecated|deprecated;551;x
deprecated|deprecated;552;x
deprecated|deprecated;553;x
deprecated|deprecated;554;x
highway|footway|demanding_alpine_hiking;[highway=footway][sac_scale=demanding_alpine_hiking];;name;int_name;555;
deprecated|deprecated;556;x
deprecated|deprecated;557;x
deprecated|deprecated;558;x
deprecated|deprecated;559;x
deprecated|deprecated;560;x
deprecated|deprecated;561;x
deprecated|deprecated;562;x
deprecated|deprecated;563;x
natural|lake;564;natural|water|lake
deprecated|deprecated;565;x
deprecated|deprecated;566;x
deprecated|deprecated;567;x
deprecated|deprecated;568;x
deprecated|deprecated;569;x
deprecated|deprecated;570;x
deprecated|deprecated;571;x
deprecated|deprecated;572;x
deprecated|deprecated;573;x
deprecated|deprecated;574;x
piste:lift|rope_tow;575;
natural|pond;576;natural|water|pond
deprecated|deprecated;577;x
highway|secondary_link|tunnel;[highway=secondary_link][tunnel?];;name;int_name;578;
deprecated|deprecated;579;x
deprecated|deprecated;580;x
deprecated|deprecated;581;x
deprecated|deprecated;582;x
deprecated|deprecated;583;x
deprecated|deprecated;584;x
deprecated|deprecated;585;x
deprecated|deprecated;586;x
aerialway|mixed_lift;587;
deprecated|deprecated;588;x
deprecated|deprecated;589;x
deprecated|deprecated;590;x
highway|track|grade3|permissive;[highway=track][tracktype=grade3][access=permissive];x;name;int_name;591;highway|track|grade3
deprecated|deprecated;592;x
deprecated|deprecated;593;x
deprecated|deprecated;594;x
deprecated|deprecated;595;x
deprecated|deprecated;596;x
boundary|administrative|region;[boundary=administrative][border_type=region];;name;int_name;597;
deprecated|deprecated;598;x
deprecated|deprecated;599;x
deprecated|deprecated;600;x
place|continent;601;
deprecated|deprecated;602;x
deprecated|deprecated;603;x
boundary|administrative|nation;[boundary=administrative][border_type=nation];;name;int_name;604;
deprecated|deprecated;605;x
deprecated|deprecated;606;x
deprecated|deprecated;607;x
piste:lift|magic_carpet;608;
deprecated|deprecated;609;x
deprecated|deprecated;610;x
deprecated|deprecated;611;x
deprecated|deprecated;612;x
deprecated|deprecated;613;x
deprecated|deprecated;614;x
deprecated|deprecated;615;x
deprecated|deprecated;616;x
deprecated|deprecated;617;x
deprecated|deprecated;618;x
piste:lift|j-bar;619;
deprecated|deprecated;620;x
deprecated|deprecated;621;x
deprecated|deprecated;622;x
deprecated|deprecated;623;x
deprecated|deprecated;624;x
deprecated|deprecated;625;x
railway|siding|bridge;[railway=siding][bridge?];;name;int_name;626;
highway|footway|difficult_alpine_hiking;[highway=footway][sac_scale=difficult_alpine_hiking];;name;int_name;627;
deprecated|deprecated;628;x
deprecated|deprecated;629;x
deprecated|deprecated;630;x
highway|track|grade5|permissive;[highway=track][tracktype=grade5][access=permissive];x;name;int_name;631;highway|track|grade5
deprecated|deprecated;632;x
deprecated|deprecated;633;x
highway|tertiary_link|tunnel;[highway=tertiary_link][tunnel?];;name;int_name;634;
deprecated|deprecated;635;x
deprecated|deprecated;636;x
deprecated|deprecated;637;x
deprecated|deprecated;638;x
deprecated|deprecated;639;x
deprecated|deprecated;640;x
deprecated|deprecated;641;x
deprecated|deprecated;642;x
deprecated|deprecated;643;x
deprecated|deprecated;644;x
deprecated|deprecated;645;x
deprecated|deprecated;646;x
deprecated|deprecated;647;x
deprecated|deprecated;648;x
deprecated|deprecated;649;x
deprecated|deprecated;650;x
railway|spur|tunnel;[railway=spur][tunnel?];;name;int_name;651;
deprecated|deprecated;652;x
deprecated|deprecated;653;x
deprecated|deprecated;654;x
deprecated|deprecated;655;x
deprecated|deprecated;656;x
boundary|administrative|municipality;[boundary=administrative][border_type=municipality];;name;int_name;657;
deprecated|deprecated;658;x
deprecated|deprecated;659;x
deprecated|deprecated;660;x
deprecated|deprecated;661;x
deprecated|deprecated;662;x
deprecated|deprecated;663;x
deprecated|deprecated;664;x
railway|yard|bridge;[railway=yard][bridge?];;name;int_name;665;
deprecated|deprecated;666;x
deprecated|deprecated;667;x
deprecated|deprecated;668;x
deprecated|deprecated;669;x
deprecated|deprecated;670;x
deprecated|deprecated;671;x
deprecated|deprecated;672;x
deprecated|deprecated;673;x
deprecated|deprecated;674;x
highway|track|grade4|permissive;[highway=track][tracktype=grade4][access=permissive];x;name;int_name;675;highway|track|grade4
deprecated|deprecated;676;x
deprecated|deprecated;677;x
deprecated|deprecated;678;x
deprecated|deprecated;679;x
deprecated|deprecated;680;x
deprecated|deprecated;681;x
deprecated|deprecated;682;x
deprecated|deprecated;683;x
deprecated|deprecated;684;x
deprecated|deprecated;685;x
natural|vineyard;686;landuse|vineyard
deprecated|deprecated;687;x
deprecated|deprecated;688;x
deprecated|deprecated;689;x
deprecated|deprecated;690;x
boundary|administrative|country;[boundary=administrative][border_type=country];;name;int_name;691;
deprecated|deprecated;692;x
natural|orchard;693;landuse|orchard
deprecated|deprecated;694;x
deprecated|deprecated;695;x
deprecated|deprecated;696;x
deprecated|deprecated;697;x
deprecated|deprecated;698;x
deprecated|deprecated;699;x
deprecated|deprecated;700;x
deprecated|deprecated;701;x
office|diplomatic;702;
railway|station|subway;[railway=station][transport=subway],[railway=station][station=subway];;name;int_name;703;
amenity|police;704;
amenity|car_rental;705;
amenity|taxi;706;
amenity|marketplace;707;
amenity|nightclub;708;
amenity|embassy;709;office|diplomatic
amenity|townhall;710;
barrier|gate;711;
barrier|lift_gate;712;
barrier|stile;713;
barrier|block;714;
barrier|toll_booth;715;
historic|memorial;716;
historic|ruins;717;
historic|monument;718;
historic|castle;719;
historic|archaeological_site;720;
shop|caravan;721;
man_made|cutline;722;
natural|bay;723;
natural|spring;724;
railway|platform;725;
shop|clothes;[shop=clothes],[shop=fashion];;name;int_name;726;
shop|car_repair;727;
shop|car;728;
shop|kiosk;729;
sport|multi;730;
sport|golf;[sport=golf],[sport=miniature_golf];;name;int_name;731;
sport|skiing;732;
tourism|museum;733;
tourism|guest_house;734;
tourism|motel;735;
boundary|administrative|4|state;[boundary=administrative][admin_level=4][border_type=state];x;name;int_name;736;boundary|administrative|4
place|state|USA;[place=state][addr:country=US],[place=state][is_in=USA],[place=state][is_in:country=USA],[place=state][is_in:country_code=us];;name;int_name;737;
building|address;[addr:housenumber][addr:street];;addr:housenumber;name;738;
amenity|parking|no-access;[amenity=parking][access=no];;name;int_name;739;
barrier|swing_gate;740;
barrier|chain;741;
sport|climbing;742;
sport|yoga;743;
amenity|parking_entrance;[amenity=parking_entrance];;name;int_name;744;
amenity|parking_entrance|private;[amenity=parking_entrance][access=private];;name;int_name;745;
amenity|parking_entrance|permissive;[amenity=parking_entrance][access=permissive];;name;int_name;746;
deprecated|deprecated;747;x
deprecated|deprecated;748;x
deprecated|deprecated;749;x
deprecated|deprecated;750;x
deprecated|deprecated;751;x
deprecated|deprecated;752;x
deprecated|deprecated;753;x
deprecated|deprecated;754;x
deprecated|deprecated;755;x
deprecated|deprecated;756;x
deprecated|deprecated;757;x
deprecated|deprecated;758;x
deprecated|deprecated;759;x
deprecated|deprecated;760;x
deprecated|deprecated;761;x
deprecated|deprecated;762;x
deprecated|deprecated;763;x
deprecated|deprecated;764;x
deprecated|deprecated;765;x
deprecated|deprecated;766;x
deprecated|deprecated;767;x
deprecated|deprecated;768;x
deprecated|deprecated;769;x
deprecated|deprecated;770;x
deprecated|deprecated;771;x
deprecated|deprecated;772;x
deprecated|deprecated;773;x
deprecated|deprecated;774;x
deprecated|deprecated;775;x
deprecated|deprecated;776;x
deprecated|deprecated;777;x
deprecated|deprecated;778;x
deprecated|deprecated;779;x
deprecated|deprecated;780;x
deprecated|deprecated;781;x
deprecated|deprecated;782;x
deprecated|deprecated;783;x
deprecated|deprecated;784;x
deprecated|deprecated;785;x
deprecated|deprecated;786;x
deprecated|deprecated;787;x
deprecated|deprecated;788;x
deprecated|deprecated;789;x
deprecated|deprecated;790;x
deprecated|deprecated;791;x
deprecated|deprecated;792;x
deprecated|deprecated;793;x
deprecated|deprecated;794;x
deprecated|deprecated;795;x
deprecated|deprecated;796;x
deprecated|deprecated;797;x
deprecated|deprecated;798;x
deprecated|deprecated;799;x
deprecated|deprecated;800;x
deprecated|deprecated;801;x
deprecated|deprecated;802;x
deprecated|deprecated;803;x
deprecated|deprecated;804;x
deprecated|deprecated;805;x
deprecated|deprecated;806;x
deprecated|deprecated;807;x
deprecated|deprecated;808;x
deprecated|deprecated;809;x
deprecated|deprecated;810;x
deprecated|deprecated;811;x
deprecated|deprecated;812;x
deprecated|deprecated;813;x
deprecated|deprecated;814;x
deprecated|deprecated;815;x
deprecated|deprecated;816;x
deprecated|deprecated;817;x
deprecated|deprecated;818;x
deprecated|deprecated;819;x
deprecated|deprecated;820;x
highway|track|grade3|no-access;[highway=track][tracktype=grade3][access=no];x;name;int_name;821;highway|track|grade3
highway|track|grade4|no-access;[highway=track][tracktype=grade4][access=no];x;name;int_name;822;highway|track|grade4
highway|track|grade5|no-access;[highway=track][tracktype=grade5][access=no];x;name;int_name;823;highway|track|grade5
highway|track|no-access;[highway=track][access=no];;name;int_name;824;
deprecated|deprecated;825;x
deprecated|deprecated;826;x
deprecated|deprecated;827;x
deprecated|deprecated;828;x
deprecated|deprecated;829;x
deprecated|deprecated;830;x
deprecated|deprecated;831;x
deprecated|deprecated;832;x
deprecated|deprecated;833;x
deprecated|deprecated;834;x
deprecated|deprecated;835;x
deprecated|deprecated;836;x
deprecated|deprecated;837;x
deprecated|deprecated;838;x
landuse|military|danger_area;[landuse=military][military=danger_area][wikipedia?],[landuse=military][military=cordon][wikipedia?];;name;int_name;839;
boundary|military;840;
deprecated|deprecated;841;x
deprecated|deprecated;842;x
deprecated|deprecated;843;x
deprecated|deprecated;844;x
deprecated|deprecated;845;x
deprecated|deprecated;846;x
leisure|park|no-access;[leisure=park][access=no];;name;int_name;847;
deprecated|deprecated;848;x
deprecated|deprecated;849;x
deprecated|deprecated;850;x
deprecated|deprecated;851;x
deprecated|deprecated;852;x
deprecated|deprecated;853;x
deprecated|deprecated;854;x
deprecated|deprecated;855;x
mapswithme|grid;856;
deprecated|deprecated;857;x
deprecated|deprecated;858;x
deprecated|deprecated;859;x
deprecated|deprecated;860;x
natural|salt_pond;861;landuse|salt_pond
deprecated|deprecated;862;x
deprecated|deprecated;863;x
railway|siding|tunnel;[railway=siding][tunnel?];;name;int_name;864;
railway|yard|tunnel;[railway=yard][tunnel?];;name;int_name;865;
area:highway|footway;866;
deprecated|deprecated;867;x
area:highway|residential;868;
area:highway|secondary;869;
area:highway|tertiary;870;
deprecated|deprecated;871;x
deprecated|deprecated;872;x
area:highway|pedestrian;873;
area:highway|unclassified;874;
deprecated|deprecated;875;x
deprecated|deprecated;876;x
area:highway|cycleway;877;
deprecated|deprecated;878;x
area:highway|motorway;879;
area:highway|trunk;880;
deprecated|deprecated;881;x
entrance;[entrance];;ref;addr:flats;882;
deprecated|deprecated;883;x
tourism|artwork;885;
railway|subway|red;[railway=subway][colour=red];x;name;int_name;886;railway|subway|tunnel
railway|subway|blue;[railway=subway][colour=blue];x;name;int_name;887;railway|subway|tunnel
railway|subway|orange;[railway=subway][colour=orange];x;name;int_name;888;railway|subway|tunnel
railway|subway|green;[railway=subway][colour=green];x;name;int_name;889;railway|subway|tunnel
railway|subway|brown;[railway=subway][colour=brown];x;name;int_name;890;railway|subway|tunnel
railway|subway|yellow;[railway=subway][colour=yellow];x;name;int_name;891;railway|subway|tunnel
railway|subway|purple;[railway=subway][colour=purple];x;name;int_name;892;railway|subway|tunnel
deprecated|deprecated;893;x
deprecated|deprecated;894;x
deprecated|deprecated;895;x
deprecated|deprecated;896;x
deprecated|deprecated;897;x
deprecated|deprecated;898;x
deprecated|deprecated;899;x
railway|subway|darkgreen;[railway=subway][colour=darkgreen];x;name;int_name;900;railway|subway|tunnel
deprecated|deprecated;901;x
railway|subway|gray;[railway=subway][colour=gray];x;name;int_name;902;railway|subway|tunnel
deprecated|deprecated;903;x
railway|subway|lightblue;[railway=subway][colour=lightblue];x;name;int_name;904;railway|subway|tunnel
deprecated|deprecated;905;x
railway|subway|lightgreen;[railway=subway][colour=lightgreen];x;name;int_name;906;railway|subway|tunnel
deprecated|deprecated;907;x
railway|subway|violet;[railway=subway][colour=violet];x;name;int_name;908;railway|subway|tunnel
deprecated|deprecated;909;x
railway|subway|grey;[railway=subway][colour=grey];x;name;int_name;910;railway|subway|tunnel
deprecated|deprecated;911;x
historic|ship;912;
shop|tobacco;913;
shop|farm;914;
shop|storage_rental;915;
shop|trade;916;
shop|deli;917;
shop|mall;918;
shop|doityourself;919;
place|sea;920;
place|ocean;921;
natural|cliff;922;
shop|butcher;923;
shop|florist;924;
shop|bicycle;925;
shop|alcohol;926;
shop|books;927;
shop|electronics;928;
shop|shoes;929;
shop|department_store;930;
shop|hardware;931;
shop|jewelry;932;
shop|chemist;933;
shop|optician;934;
shop|garden_centre;935;
shop|gift;936;
shop|computer;937;
shop|mobile_phone;938;
shop|greengrocer;939;
shop|beverages;940;
shop|toys;941;
shop|confectionery;942;
shop;[shop?];;name;int_name;943;
hwtag|lit;944;
office|company;945;
office|telecommunication;946;
office|government;947;
office|estate_agent;[office=estate_agent],[shop=estate_agent];;name;int_name;948;
office|lawyer;949;
office;[office];;name;int_name;950;
natural|earth_bank;951;
man_made|embankment;952;
amenity|ferry_terminal;953;
amenity;[amenity];;name;int_name;954;
shop|furniture;955;
craft|winery;956;
waterway|waterfall;957;
craft|electronics_repair;958;
amenity|casino;960;
amenity|brothel;961;
place|neighbourhood;[place=neighbourhood],[place=quarter];;name;int_name;962;
place|isolated_dwelling;963;
historic|wayside_cross;964;
historic|wayside_shrine;965;
historic|boundary_stone;966;
historic|citywalls;967;
historic|tomb;968;
natural|rock;969;
natural|bare_rock;970;
natural|tree_row;971;
natural|cape;972;
craft|carpenter;973;
craft|shoemaker;974;
craft|photographer;975;
craft|electrician;976;
craft|tailor;[craft=tailor],[shop=tailor];;name;int_name;977;
craft|plumber;978;
craft|brewery;979;
craft|metal_construction;980;
craft|hvac;981;
craft|painter;982;
craft|gardener;983;
internet_access;[internet_access];;name;int_name;984;
internet_access|wlan;985;
amenity|waste_disposal;986;
amenity|bbq;987;
craft|sawmill;988;
route|ferry|motorcar;[route=ferry][motorcar];x;name;int_name;989;route|ferry
junction|roundabout;990;
highway|speed_camera;991;
shop|beauty;992;
shop|sports;993;
route|ferry|motor_vehicle;[route=ferry][motor_vehicle];x;name;int_name;994;route|ferry
railway|rail|motor_vehicle;[railway=rail][motor_vehicle];;name;int_name;995;
hwtag|nofoot;996;
place|city|capital|2;[place=city][capital=2],[place=city][capital?][admin_level=2];;name;int_name;997;
place|city|capital|3;[place=city][capital=3],[place=city][capital?][admin_level=3];;name;int_name;998;
place|city|capital|4;[place=city][capital=4],[place=city][capital?][admin_level=4];;name;int_name;999;
place|city|capital|5;[place=city][capital=5],[place=city][capital?][admin_level=5];;name;int_name;1000;
place|city|capital|6;[place=city][capital=6],[place=city][capital?][admin_level=6];;name;int_name;1001;
place|city|capital|7;[place=city][capital=7],[place=city][capital?][admin_level=7];;name;int_name;1002;
place|city|capital|8;[place=city][capital=8],[place=city][capital?][admin_level=8];;name;int_name;1003;
place|city|capital|9;[place=city][capital=9],[place=city][capital?][admin_level=9];;name;int_name;1004;
place|city|capital|10;[place=city][capital=10],[place=city][capital?][admin_level=10];;name;int_name;1005;
place|city|capital|11;[place=city][capital=11],[place=city][capital?][admin_level=11];;name;int_name;1006;
hwtag|yesfoot;1007;
public_transport|platform;1008;
junction;[junction];;name;int_name;1009;
aeroway|aerodrome|international;[aeroway=aerodrome][aerodrome=international],[aeroway=aerodrome][aerodrome:type=international];;name;int_name;1010;
railway|station|light_rail;[railway=station][station=light_rail],[railway=station][transport=light_rail];;name;int_name;1011;
railway|station|monorail;[railway=station][station=monorail],[railway=station][transport=monorail];;name;int_name;1012;
railway|station|subway|london;[railway=station][transport=subway][city=london],[railway=station][station=subway][city=london];;name;int_name;1013;
railway|station|subway|newyork;[railway=station][transport=subway][city=newyork],[railway=station][station=subway][city=newyork];;name;int_name;1014;
railway|station|subway|moscow;[railway=station][transport=subway][city=moscow],[railway=station][station=subway][city=moscow];;name;int_name;1015;
railway|station|subway|berlin;[railway=station][transport=subway][city=berlin],[railway=station][station=subway][city=berlin];;name;int_name;1016;
railway|station|subway|minsk;[railway=station][transport=subway][city=minsk],[railway=station][station=subway][city=minsk];;name;int_name;1017;
railway|station|subway|kiev;[railway=station][transport=subway][city=kiev],[railway=station][station=subway][city=kiev];;name;int_name;1018;
railway|station|subway|barcelona;[railway=station][transport=subway][city=barcelona],[railway=station][station=subway][city=barcelona];;name;int_name;1019;
railway|station|subway|paris;[railway=station][transport=subway][city=paris],[railway=station][station=subway][city=paris];;name;int_name;1020;
railway|station|subway|madrid;[railway=station][transport=subway][city=madrid],[railway=station][station=subway][city=madrid];;name;int_name;1021;
railway|station|subway|roma;[railway=station][transport=subway][city=roma],[railway=station][station=subway][city=roma];;name;int_name;1022;
railway|station|subway|spb;[railway=station][transport=subway][city=spb],[railway=station][station=subway][city=spb];;name;int_name;1023;
railway|subway_entrance|london;[railway=subway_entrance][city=london];;name;int_name;1024;
railway|subway_entrance|newyork;[railway=subway_entrance][city=newyork];;name;int_name;1025;
railway|subway_entrance|moscow;[railway=subway_entrance][city=moscow];;name;int_name;1026;
railway|subway_entrance|berlin;[railway=subway_entrance][city=berlin];;name;int_name;1027;
railway|subway_entrance|minsk;[railway=subway_entrance][city=minsk];;name;int_name;1028;
railway|subway_entrance|kiev;[railway=subway_entrance][city=kiev];;name;int_name;1029;
railway|subway_entrance|barcelona;[railway=subway_entrance][city=barcelona];;name;int_name;1030;
railway|subway_entrance|paris;[railway=subway_entrance][city=paris];;name;int_name;1031;
railway|subway_entrance|madrid;[railway=subway_entrance][city=madrid];;name;int_name;1032;
railway|subway_entrance|roma;[railway=subway_entrance][city=roma];;name;int_name;1033;
railway|subway_entrance|spb;[railway=subway_entrance][city=spb];;name;int_name;1034;
aerialway|drag_lift;1035;
amenity|dentist;1036;
amenity|clinic;1037;
barrier|entrance;1038;
barrier|border_control;1039;
shop|laundry;1040;
amenity|vending_machine|parking_tickets;[amenity=vending_machine][vending=parking_tickets];;name;int_name;1041;
amenity|vending_machine|public_transport_tickets;[amenity=vending_machine][vending=public_transport_tickets];;name;int_name;1042;
building:part;[building:part];;name;int_name;1043;
amenity|place_of_worship|christian;[amenity=place_of_worship][religion=christian];;name;int_name;1044;
amenity|place_of_worship|muslim;[amenity=place_of_worship][religion=muslim];;name;int_name;1045;
amenity|place_of_worship|buddhist;[amenity=place_of_worship][religion=buddhist];;name;int_name;1046;
amenity|place_of_worship|hindu;[amenity=place_of_worship][religion=hindu];;name;int_name;1047;
amenity|place_of_worship|shinto;[amenity=place_of_worship][religion=shinto];;name;int_name;1048;
amenity|place_of_worship|jewish;[amenity=place_of_worship][religion=jewish];;name;int_name;1049;
amenity|place_of_worship|taoist;[amenity=place_of_worship][religion=taoist];;name;int_name;1050;
man_made|water_tower;1051;
highway|world_level;1052;
highway|world_towns_level;1053;
building|train_station;1054;
route|shuttle_train;1055;
shop|copyshop;1056;
shop|photo;1057;
shop|travel_agency;[shop=travel_agency],[office=travel_agent];;name;int_name;1058;
highway|elevator;1059;
shop|outdoor;1060;
craft|confectionery;1061;
craft|handicraft;1062;
shop|dry_cleaning;1063;
shop|tyres;1064;
craft|beekeeper;1065;
amenity|car_wash;1066;
amenity|veterinary;1067;
amenity|charging_station;1068;
amenity|childcare;1069;
craft|blacksmith;1070;
amenity|bicycle_parking;1071;
amenity|community_centre;1072;
amenity|courthouse;1073;
amenity|vending_machine|cigarettes;[amenity=vending_machine][vending=cigarettes];;name;int_name;1074;
amenity|vending_machine|drinks;[amenity=vending_machine][vending=drinks];;name;int_name;1075;
amenity|waste_basket;1076;
building|garage;[building=garage],[building=yes][garage],[building=garages],[amenity=garage],[amenity=garages];;addr:housenumber;name;1077;
shop|pastry;1078;
emergency|phone;1079;
highway|rest_area;1080;
highway|traffic_signals;1081;
leisure|fitness_centre;[leisure=fitness_centre],[leisure=sports_centre][sport=fitness],[amenity=gym];;name;int_name;1082;
amenity|vending_machine|excrement_bags;[amenity=vending_machine][vending=excrement_bags];;name;int_name;1083;
amenity|parcel_locker;1084;
leisure|sauna;[leisure=sauna],[amenity=sauna];;name;int_name;1085;
amenity|vending_machine|fuel;[amenity=vending_machine][vending=fuel];;name;int_name;1086;
man_made|chimney;1087;
man_made|tower;1088;
man_made|water_well;1089;
amenity|vending_machine;[amenity=vending_machine];;name;int_name;1090;
shop|bookmaker;1091;
shop|car_repair|tyres;[shop=car_repair][service=tyres];;name;int_name;1092;
shop|cosmetics;1093;
shop|pet;1094;
shop|seafood;1095;
shop|ticket;1096;
shop|wine;1097;
tourism|chalet;1098;
tourism|information|board;[tourism=information][information=board];;name;int_name;1099;
tourism|information|map;[tourism=information][information=map];;name;int_name;1100;
shop|paint;1101;
traffic_calming|bump;1102;
traffic_calming|hump;1103;
shop|car_parts;1104;
leisure|sports_centre|climbing;[leisure=sports_centre][sport=climbing];x;name;int_name;1105;leisure|sports_centre
leisure|sports_centre|shooting;[leisure=sports_centre][sport=shooting];x;name;int_name;1106;leisure|sports_centre
leisure|sports_centre|swimming;[leisure=sports_centre][sport=swimming];x;name;int_name;1107;leisure|sports_centre
leisure|sports_centre|yoga;[leisure=sports_centre][sport=yoga];x;name;int_name;1108;leisure|sports_centre
amenity|public_bookcase;1109;
tourism|apartment;1110;
tourism|resort;[tourism=resort],[leisure=resort],[leisure=summer_camp];;name;int_name;1111;
shop|interior_decoration;1112;
shop|houseware;1113;
hwtag|nobicycle;1114;
hwtag|yesbicycle;1115;
hwtag|bidir_bicycle;1116;
psurface|paved_good;1117;
psurface|paved_bad;1118;
psurface|unpaved_good;1119;
psurface|unpaved_bad;1120;
wheelchair|yes;1121;
wheelchair|no;1122;
wheelchair|limited;1123;
building|has_parts;1124;
organic|only;1125;
organic|yes;1126;
amenity|vending_machine|coffee;[amenity=vending_machine][vending=coffee];;name;int_name;1127;
amenity|vending_machine|condoms;[amenity=vending_machine][vending=condoms];;name;int_name;1128;
amenity|vending_machine|food;[amenity=vending_machine][vending=food];;name;int_name;1129;
amenity|vending_machine|newspapers;[amenity=vending_machine][vending=newspapers];;name;int_name;1130;
amenity|vending_machine|sweets;[amenity=vending_machine][vending=sweets];;name;int_name;1131;
deprecated|deprecated;1132;x
amenity|music_school;1133;
amenity|language_school;1134;
historic|city_gate;1135;
sport|padel;1136;
sport|futsal;1137;
sport|ice_hockey;1138;
sport|field_hockey;1139;
sport|badminton;1140;
sport|pelota;1141;
historic|castle|castrum;[historic=castle][castle_type=castrum];;name;int_name;1142;
historic|castle|fortified_church;[historic=castle][castle_type=fortified_church];;name;int_name;1143;
historic|castle|fortress;[historic=castle][castle_type=fortress],[historic=fortress];;name;int_name;1144;
historic|castle|hillfort;[historic=castle][castle_type=hillfort];;name;int_name;1145;
historic|castle|kremlin;[historic=castle][castle_type=kremlin];;name;int_name;1146;
historic|castle|manor;[historic=castle][castle_type=manor],[historic=manor];;name;int_name;1147;
historic|castle|palace;[historic=castle][castle_type=palace];;name;int_name;1148;
historic|castle|shiro;[historic=castle][castle_type=shiro];;name;int_name;1149;
hwtag|yescar;1150;
hwtag|nocar;1151;
tourism|gallery;1152;
historic|fort;1153;
shop|coffee;1154;
shop|tea;1155;
shop|art;1156;
shop|charity;1157;
hwtag|toll;1158;
amenity|arts_centre;1159;
amenity|biergarten;1160;
amenity|driving_school;1161;
amenity|food_court;1162;
amenity|ice_cream;1163;
amenity|internet_cafe;1164;
amenity|motorcycle_parking;1165;
amenity|nursing_home;1166;
amenity|payment_terminal;1167;
amenity|prison;1168;
amenity|shower;1169;
amenity|water_point;1170;
emergency|defibrillator;1171;
emergency|fire_hydrant;1172;
highway|services;1173;
leisure|fitness_station;1174;
leisure|ice_rink;1175;
leisure|marina;1176;
shop|medical_supply;1177;
man_made|surveillance;1178;
man_made|water_tap;1179;
man_made|works;1180;
office|insurance;1181;
office|ngo;1182;
shop|chocolate;1183;
shop|erotic;1184;
shop|kitchen;1185;
shop|fabric;1186;
shop|funeral_directors;1187;
shop|massage;1188;
shop|motorcycle;1189;
shop|music;1190;
shop|musical_instrument;1191;
shop|newsagent;1192;
shop|pawnbroker;1193;
shop|stationery;1194;
shop|tattoo;1195;
shop|variety_store;1196;
shop|video;1197;
tourism|theme_park;1198;
tourism|wilderness_hut;1199;
shop|boutique;1200;
shop|lottery;1201;
shop|antiques;1202;
shop|wholesale;1203;
shop|perfumery;1204;
shop|baby_goods;1205;
shop|bag;1206;
shop|dairy;1207;
shop|electrical;1208;
shop|cheese;1209;
shop|money_lender;1210;
shop|health_food;1211;
shop|fishing;1212;
shop|grocery;1213;
shop|nutrition_supplements;1214;
shop|watches;1215;
shop|second_hand;1216;
shop|craft;1217;
shop|sewing;1218;
railway|station|subway|warszawa;[railway=station][transport=subway][city=warszawa],[railway=station][station=subway][city=warszawa];;name;int_name;1219;
railway|subway_entrance|warszawa;[railway=subway_entrance][city=warszawa];;name;int_name;1220;
deprecated|deprecated;1221;x
deprecated|deprecated;1222;x
deprecated|deprecated;1223;x
deprecated|deprecated;1224;x
natural|water|tunnel;[natural=water][tunnel?];;name;int_name;1225;
place|square;1226;
tourism|artwork|architecture;[tourism=artwork][artwork_type=architecture],[tourism=artwork][type=architecture];;name;int_name;1227;
tourism|artwork|sculpture;[tourism=artwork][artwork_type=sculpture],[tourism=artwork][type=sculpture];;name;int_name;1228;
tourism|artwork|statue;[tourism=artwork][artwork_type=statue],[tourism=artwork][type=statue];;name;int_name;1229;
tourism|artwork|painting;[tourism=artwork][artwork_type=painting],[tourism=artwork][type=painting];;name;int_name;1230;
historic|memorial|sculpture;[historic=memorial][memorial=sculpture],[historic=memorial][memorial:type=sculpture];;name;int_name;1231;
historic|memorial|statue;[historic=memorial][memorial=statue],[historic=memorial][memorial:type=statue];;name;int_name;1232;
historic|memorial|plaque;[historic=memorial][memorial=plaque],[historic=memorial][memorial:type=plaque];;name;int_name;1233;
historic|castle|defensive;[historic=castle][castle_type=defensive];;name;int_name;1234;
historic|castle|stately;[historic=castle][castle_type=stately];;name;int_name;1235;
tourism|attraction|animal;[tourism=attraction][attraction=animal];;name;int_name;1236;
tourism|attraction|specified;[tourism=attraction][attraction=specified];;name;int_name;1237;
cuisine|regional;1238;
cuisine|pizza;1239;
cuisine|burger;1240;
cuisine|italian;1241;
cuisine|chinese;1242;
cuisine|coffee_shop;1243;
cuisine|sandwich;1244;
cuisine|german;1245;
cuisine|japanese;1246;
cuisine|kebab;1247;
cuisine|mexican;1248;
cuisine|indian;1249;
cuisine|american;1250;
cuisine|french;1251;
cuisine|ice_cream;1252;
cuisine|asian;1253;
cuisine|chicken;1254;
cuisine|greek;1255;
cuisine|thai;1256;
cuisine|international;1257;
cuisine|sushi;1258;
cuisine|fish_and_chips;1259;
cuisine|turkish;1260;
cuisine|seafood;1261;
cuisine|steak_house;1262;
cuisine|spanish;1263;
cuisine|fish;1264;
cuisine|vietnamese;1265;
cuisine|noodles;1266;
cuisine|vegetarian;1267;
cuisine|korean;1268;
cuisine|friture;1269;
cuisine|barbecue;1270;
cuisine|bavarian;1271;
cuisine|ramen;1272;
cuisine|italian_pizza;1273;
cuisine|mediterranean;1274;
cuisine|donut;1275;
cuisine|beef_bowl;1276;
cuisine|cake;1277;
cuisine|crepe;1278;
cuisine|heuriger;1279;
cuisine|lebanese;1280;
cuisine|local;1281;
cuisine|curry;1282;
cuisine|filipino;1283;
cuisine|russian;1284;
cuisine|breakfast;1285;
cuisine|tapas;1286;
cuisine|bagel;1287;
cuisine|pasta;1288;
cuisine|buschenschank;1289;
cuisine|sausage;1290;
cuisine|portuguese;1291;
cuisine|grill;1292;
cuisine|pancake;1293;
cuisine|malagasy;1294;
cuisine|polish;1295;
cuisine|diner;1296;
cuisine|african;1297;
cuisine|georgian;1298;
cuisine|croatian;1299;
cuisine|arab;1300;
cuisine|balkan;1301;
cuisine|brazilian;1302;
cuisine|caribbean;1303;
cuisine|austrian;1304;
cuisine|vegan;1305;
cuisine|argentinian;1306;
cuisine|persian;1307;
cuisine|soba;1308;
cuisine|malaysian;1309;
cuisine|indonesian;1310;
cuisine|ethiopian;1311;
cuisine|deli;1312;
cuisine|irish;1313;
cuisine|hungarian;1314;
cuisine|lao;1315;
cuisine|hotdog;1316;
cuisine|oriental;1317;
cuisine|savory_pancakes;1318;
cuisine|moroccan;1319;
cuisine|peruvian;1320;
cuisine|fine_dining;1321;
cuisine|tea;1322;
natural|geyser;1323;
cuisine|bubble_tea;1324;
natural|hot_spring;1325;
amenity|parking_space;1326;
amenity|parking_space|underground;[amenity=parking_space][parking=underground];;name;int_name;1327;
amenity|parking_space|private;[amenity=parking_space][access=private];;name;int_name;1328;
amenity|parking_space|permissive;[amenity=parking_space][access=permissive];;name;int_name;1329;
landuse|churchyard;1330;
isoline|step_1000;1331;
isoline|step_500;1332;
isoline|step_100;1333;
isoline|step_50;1334;
isoline|step_10;1335;
isoline|zero;1336;
complex_entry;[complex_entry];;name;int_name;1337;
recycling|batteries;[recycling:batteries=yes];;name;int_name;1338;
recycling|clothes;[recycling:clothes=yes];;name;int_name;1339;
recycling|glass_bottles;[recycling:glass_bottles=yes];;name;int_name;1340;
recycling|paper;[recycling:paper=yes];;name;int_name;1341;
recycling|plastic;[recycling:plastic=yes];;name;int_name;1342;
recycling|plastic_bottles;[recycling:plastic_bottles=yes];;name;int_name;1343;
recycling|scrap_metal;[recycling:scrap_metal=yes];;name;int_name;1344;
recycling|small_appliances;[recycling:small_appliances=yes];;name;int_name;1345;
amenity|recycling_container;[amenity=recycling][recycling_type=container],[amenity=recycling][!recycling_type];x;name;int_name;1346;amenity|recycling|container
hwtag|onedir_bicycle;1347;
shop|video_games;1348;
natural|strait;1349;
recycling|cardboard;[recycling:cardboard=yes];;name;int_name;1350;
recycling|cans;[recycling:cans=yes];;name;int_name;1351;
recycling|shoes;[recycling:shoes=yes];;name;int_name;1352;
recycling|green_waste;[recycling:green_waste=yes];;name;int_name;1353;
recycling|cartons;[recycling:cartons=yes];;name;int_name;1354;
amenity|parking_space|disabled;[amenity=parking_space][parking_space=disabled];;name;int_name;1355;
railway|station|subway|adana;[railway=station][transport=subway][city=adana],[railway=station][station=subway][city=adana];;name;int_name;1356;
railway|station|subway|algiers;[railway=station][transport=subway][city=algiers],[railway=station][station=subway][city=algiers];;name;int_name;1357;
railway|station|subway|almaty;[railway=station][transport=subway][city=almaty],[railway=station][station=subway][city=almaty];;name;int_name;1358;
railway|station|subway|amsterdam;[railway=station][transport=subway][city=amsterdam],[railway=station][station=subway][city=amsterdam];;name;int_name;1359;
railway|station|subway|ankara;[railway=station][transport=subway][city=ankara],[railway=station][station=subway][city=ankara];;name;int_name;1360;
railway|station|subway|athens;[railway=station][transport=subway][city=athens],[railway=station][station=subway][city=athens];;name;int_name;1361;
railway|station|subway|baku;[railway=station][transport=subway][city=baku],[railway=station][station=subway][city=baku];;name;int_name;1362;
railway|station|subway|bangkok;[railway=station][transport=subway][city=bangkok],[railway=station][station=subway][city=bangkok];;name;int_name;1363;
railway|station|subway|beijing;[railway=station][transport=subway][city=beijing],[railway=station][station=subway][city=beijing];;name;int_name;1364;
railway|station|subway|bengalore;[railway=station][transport=subway][city=bengalore],[railway=station][station=subway][city=bengalore];;name;int_name;1365;
railway|station|subway|brasilia;[railway=station][transport=subway][city=brasilia],[railway=station][station=subway][city=brasilia];;name;int_name;1366;
railway|station|subway|brescia;[railway=station][transport=subway][city=brescia],[railway=station][station=subway][city=brescia];;name;int_name;1367;
railway|station|subway|brussels;[railway=station][transport=subway][city=brussels],[railway=station][station=subway][city=brussels];;name;int_name;1368;
railway|station|subway|bucharest;[railway=station][transport=subway][city=bucharest],[railway=station][station=subway][city=bucharest];;name;int_name;1369;
railway|station|subway|budapest;[railway=station][transport=subway][city=budapest],[railway=station][station=subway][city=budapest];;name;int_name;1370;
railway|station|subway|buenos_aires;[railway=station][transport=subway][city=buenos_aires],[railway=station][station=subway][city=buenos_aires];;name;int_name;1371;
railway|station|subway|bursa;[railway=station][transport=subway][city=bursa],[railway=station][station=subway][city=bursa];;name;int_name;1372;
railway|station|subway|cairo;[railway=station][transport=subway][city=cairo],[railway=station][station=subway][city=cairo];;name;int_name;1373;
railway|station|subway|caracas;[railway=station][transport=subway][city=caracas],[railway=station][station=subway][city=caracas];;name;int_name;1374;
railway|station|subway|catania;[railway=station][transport=subway][city=catania],[railway=station][station=subway][city=catania];;name;int_name;1375;
railway|station|subway|changchun;[railway=station][transport=subway][city=changchun],[railway=station][station=subway][city=changchun];;name;int_name;1376;
railway|station|subway|chengdu;[railway=station][transport=subway][city=chengdu],[railway=station][station=subway][city=chengdu];;name;int_name;1377;
railway|station|subway|chicago;[railway=station][transport=subway][city=chicago],[railway=station][station=subway][city=chicago];;name;int_name;1378;
railway|station|subway|chongqing;[railway=station][transport=subway][city=chongqing],[railway=station][station=subway][city=chongqing];;name;int_name;1379;
railway|station|subway|dalian;[railway=station][transport=subway][city=dalian],[railway=station][station=subway][city=dalian];;name;int_name;1380;
railway|station|subway|delhi;[railway=station][transport=subway][city=delhi],[railway=station][station=subway][city=delhi];;name;int_name;1381;
railway|station|subway|dnepro;[railway=station][transport=subway][city=dnepro],[railway=station][station=subway][city=dnepro];;name;int_name;1382;
railway|station|subway|dubai;[railway=station][transport=subway][city=dubai],[railway=station][station=subway][city=dubai];;name;int_name;1383;
railway|station|subway|ekb;[railway=station][transport=subway][city=ekb],[railway=station][station=subway][city=ekb];;name;int_name;1384;
railway|station|subway|fukuoka;[railway=station][transport=subway][city=fukuoka],[railway=station][station=subway][city=fukuoka];;name;int_name;1385;
railway|station|subway|glasgow;[railway=station][transport=subway][city=glasgow],[railway=station][station=subway][city=glasgow];;name;int_name;1386;
railway|station|subway|guangzhou;[railway=station][transport=subway][city=guangzhou],[railway=station][station=subway][city=guangzhou];;name;int_name;1387;
railway|station|subway|hamburg;[railway=station][transport=subway][city=hamburg],[railway=station][station=subway][city=hamburg];;name;int_name;1388;
railway|station|subway|helsinki;[railway=station][transport=subway][city=helsinki],[railway=station][station=subway][city=helsinki];;name;int_name;1389;
railway|station|subway|hiroshima;[railway=station][transport=subway][city=hiroshima],[railway=station][station=subway][city=hiroshima];;name;int_name;1390;
railway|station|subway|isfahan;[railway=station][transport=subway][city=isfahan],[railway=station][station=subway][city=isfahan];;name;int_name;1391;
railway|station|subway|istanbul;[railway=station][transport=subway][city=istanbul],[railway=station][station=subway][city=istanbul];;name;int_name;1392;
railway|station|subway|izmir;[railway=station][transport=subway][city=izmir],[railway=station][station=subway][city=izmir];;name;int_name;1393;
railway|station|subway|kazan;[railway=station][transport=subway][city=kazan],[railway=station][station=subway][city=kazan];;name;int_name;1394;
railway|station|subway|kharkiv;[railway=station][transport=subway][city=kharkiv],[railway=station][station=subway][city=kharkiv];;name;int_name;1395;
railway|station|subway|kobe;[railway=station][transport=subway][city=kobe],[railway=station][station=subway][city=kobe];;name;int_name;1396;
railway|station|subway|kolkata;[railway=station][transport=subway][city=kolkata],[railway=station][station=subway][city=kolkata];;name;int_name;1397;
railway|station|subway|kunming;[railway=station][transport=subway][city=kunming],[railway=station][station=subway][city=kunming];;name;int_name;1398;
railway|station|subway|kyoto;[railway=station][transport=subway][city=kyoto],[railway=station][station=subway][city=kyoto];;name;int_name;1399;
railway|station|subway|la;[railway=station][transport=subway][city=la],[railway=station][station=subway][city=la];;name;int_name;1400;
railway|station|subway|lausanne;[railway=station][transport=subway][city=lausanne],[railway=station][station=subway][city=lausanne];;name;int_name;1401;
railway|station|subway|lille;[railway=station][transport=subway][city=lille],[railway=station][station=subway][city=lille];;name;int_name;1402;
railway|station|subway|lima;[railway=station][transport=subway][city=lima],[railway=station][station=subway][city=lima];;name;int_name;1403;
railway|station|subway|lisboa;[railway=station][transport=subway][city=lisboa],[railway=station][station=subway][city=lisboa];;name;int_name;1404;
railway|station|subway|lisbon;[railway=station][transport=subway][city=lisbon],[railway=station][station=subway][city=lisbon];;name;int_name;1405;
railway|station|subway|lyon;[railway=station][transport=subway][city=lyon],[railway=station][station=subway][city=lyon];;name;int_name;1406;
railway|station|subway|malaga;[railway=station][transport=subway][city=malaga],[railway=station][station=subway][city=malaga];;name;int_name;1407;
railway|station|subway|manila;[railway=station][transport=subway][city=manila],[railway=station][station=subway][city=manila];;name;int_name;1408;
railway|station|subway|maracaibo;[railway=station][transport=subway][city=maracaibo],[railway=station][station=subway][city=maracaibo];;name;int_name;1409;
railway|station|subway|mashhad;[railway=station][transport=subway][city=mashhad],[railway=station][station=subway][city=mashhad];;name;int_name;1410;
railway|station|subway|mecca;[railway=station][transport=subway][city=mecca],[railway=station][station=subway][city=mecca];;name;int_name;1411;
railway|station|subway|medellin;[railway=station][transport=subway][city=medellin],[railway=station][station=subway][city=medellin];;name;int_name;1412;
railway|station|subway|mexico;[railway=station][transport=subway][city=mexico],[railway=station][station=subway][city=mexico];;name;int_name;1413;
railway|station|subway|milan;[railway=station][transport=subway][city=milan],[railway=station][station=subway][city=milan];;name;int_name;1414;
railway|station|subway|montreal;[railway=station][transport=subway][city=montreal],[railway=station][station=subway][city=montreal];;name;int_name;1415;
railway|station|subway|munchen;[railway=station][transport=subway][city=munchen],[railway=station][station=subway][city=munchen];;name;int_name;1416;
railway|station|subway|nagoya;[railway=station][transport=subway][city=nagoya],[railway=station][station=subway][city=nagoya];;name;int_name;1417;
railway|station|subway|nnov;[railway=station][transport=subway][city=nnov],[railway=station][station=subway][city=nnov];;name;int_name;1418;
railway|station|subway|novosibirsk;[railway=station][transport=subway][city=novosibirsk],[railway=station][station=subway][city=novosibirsk];;name;int_name;1419;
railway|station|subway|osaka;[railway=station][transport=subway][city=osaka],[railway=station][station=subway][city=osaka];;name;int_name;1420;
railway|station|subway|oslo;[railway=station][transport=subway][city=oslo],[railway=station][station=subway][city=oslo];;name;int_name;1421;
railway|station|subway|palma;[railway=station][transport=subway][city=palma],[railway=station][station=subway][city=palma];;name;int_name;1422;
railway|station|subway|panama;[railway=station][transport=subway][city=panama],[railway=station][station=subway][city=panama];;name;int_name;1423;
railway|station|subway|philadelphia;[railway=station][transport=subway][city=philadelphia],[railway=station][station=subway][city=philadelphia];;name;int_name;1424;
railway|station|subway|pyongyang;[railway=station][transport=subway][city=pyongyang],[railway=station][station=subway][city=pyongyang];;name;int_name;1425;
railway|station|subway|rennes;[railway=station][transport=subway][city=rennes],[railway=station][station=subway][city=rennes];;name;int_name;1426;
railway|station|subway|rio;[railway=station][transport=subway][city=rio],[railway=station][station=subway][city=rio];;name;int_name;1427;
railway|station|subway|rotterdam;[railway=station][transport=subway][city=rotterdam],[railway=station][station=subway][city=rotterdam];;name;int_name;1428;
railway|station|subway|samara;[railway=station][transport=subway][city=samara],[railway=station][station=subway][city=samara];;name;int_name;1429;
railway|station|subway|santiago;[railway=station][transport=subway][city=santiago],[railway=station][station=subway][city=santiago];;name;int_name;1430;
railway|station|subway|santo_domingo;[railway=station][transport=subway][city=santo_domingo],[railway=station][station=subway][city=santo_domingo];;name;int_name;1431;
railway|station|subway|saopaulo;[railway=station][transport=subway][city=saopaulo],[railway=station][station=subway][city=saopaulo];;name;int_name;1432;
railway|station|subway|sapporo;[railway=station][transport=subway][city=sapporo],[railway=station][station=subway][city=sapporo];;name;int_name;1433;
railway|station|subway|sendai;[railway=station][transport=subway][city=sendai],[railway=station][station=subway][city=sendai];;name;int_name;1434;
railway|station|subway|sf;[railway=station][transport=subway][city=sf],[railway=station][station=subway][city=sf];;name;int_name;1435;
railway|station|subway|shanghai;[railway=station][transport=subway][city=shanghai],[railway=station][station=subway][city=shanghai];;name;int_name;1436;
railway|station|subway|shiraz;[railway=station][transport=subway][city=shiraz],[railway=station][station=subway][city=shiraz];;name;int_name;1437;
railway|station|subway|sofia;[railway=station][transport=subway][city=sofia],[railway=station][station=subway][city=sofia];;name;int_name;1438;
railway|station|subway|stockholm;[railway=station][transport=subway][city=stockholm],[railway=station][station=subway][city=stockholm];;name;int_name;1439;
railway|station|subway|tabriz;[railway=station][transport=subway][city=tabriz],[railway=station][station=subway][city=tabriz];;name;int_name;1440;
railway|station|subway|taipei;[railway=station][transport=subway][city=taipei],[railway=station][station=subway][city=taipei];;name;int_name;1441;
railway|station|subway|taoyuan;[railway=station][transport=subway][city=taoyuan],[railway=station][station=subway][city=taoyuan];;name;int_name;1442;
railway|station|subway|tashkent;[railway=station][transport=subway][city=tashkent],[railway=station][station=subway][city=tashkent];;name;int_name;1443;
railway|station|subway|tbilisi;[railway=station][transport=subway][city=tbilisi],[railway=station][station=subway][city=tbilisi];;name;int_name;1444;
railway|station|subway|tianjin;[railway=station][transport=subway][city=tianjin],[railway=station][station=subway][city=tianjin];;name;int_name;1445;
railway|station|subway|tokyo;[railway=station][transport=subway][city=tokyo],[railway=station][station=subway][city=tokyo];;name;int_name;1446;
railway|station|subway|valencia;[railway=station][transport=subway][city=valencia],[railway=station][station=subway][city=valencia];;name;int_name;1447;
railway|station|subway|vienna;[railway=station][transport=subway][city=vienna],[railway=station][station=subway][city=vienna];;name;int_name;1448;
railway|station|subway|washington;[railway=station][transport=subway][city=washington],[railway=station][station=subway][city=washington];;name;int_name;1449;
railway|station|subway|wuhan;[railway=station][transport=subway][city=wuhan],[railway=station][station=subway][city=wuhan];;name;int_name;1450;
railway|station|subway|yerevan;[railway=station][transport=subway][city=yerevan],[railway=station][station=subway][city=yerevan];;name;int_name;1451;
railway|station|subway|yokohama;[railway=station][transport=subway][city=yokohama],[railway=station][station=subway][city=yokohama];;name;int_name;1452;
railway|subway_entrance|adana;[railway=subway_entrance][city=adana];;name;int_name;1453;
railway|subway_entrance|algiers;[railway=subway_entrance][city=algiers];;name;int_name;1454;
railway|subway_entrance|almaty;[railway=subway_entrance][city=almaty];;name;int_name;1455;
railway|subway_entrance|amsterdam;[railway=subway_entrance][city=amsterdam];;name;int_name;1456;
railway|subway_entrance|ankara;[railway=subway_entrance][city=ankara];;name;int_name;1457;
railway|subway_entrance|athens;[railway=subway_entrance][city=athens];;name;int_name;1458;
railway|subway_entrance|baku;[railway=subway_entrance][city=baku];;name;int_name;1459;
railway|subway_entrance|bangkok;[railway=subway_entrance][city=bangkok];;name;int_name;1460;
railway|subway_entrance|beijing;[railway=subway_entrance][city=beijing];;name;int_name;1461;
railway|subway_entrance|bengalore;[railway=subway_entrance][city=bengalore];;name;int_name;1462;
railway|subway_entrance|brasilia;[railway=subway_entrance][city=brasilia];;name;int_name;1463;
railway|subway_entrance|brescia;[railway=subway_entrance][city=brescia];;name;int_name;1464;
railway|subway_entrance|brussels;[railway=subway_entrance][city=brussels];;name;int_name;1465;
railway|subway_entrance|bucharest;[railway=subway_entrance][city=bucharest];;name;int_name;1466;
railway|subway_entrance|budapest;[railway=subway_entrance][city=budapest];;name;int_name;1467;
railway|subway_entrance|buenos_aires;[railway=subway_entrance][city=buenos_aires];;name;int_name;1468;
railway|subway_entrance|bursa;[railway=subway_entrance][city=bursa];;name;int_name;1469;
railway|subway_entrance|cairo;[railway=subway_entrance][city=cairo];;name;int_name;1470;
railway|subway_entrance|caracas;[railway=subway_entrance][city=caracas];;name;int_name;1471;
railway|subway_entrance|catania;[railway=subway_entrance][city=catania];;name;int_name;1472;
railway|subway_entrance|changchun;[railway=subway_entrance][city=changchun];;name;int_name;1473;
railway|subway_entrance|chengdu;[railway=subway_entrance][city=chengdu];;name;int_name;1474;
railway|subway_entrance|chicago;[railway=subway_entrance][city=chicago];;name;int_name;1475;
railway|subway_entrance|chongqing;[railway=subway_entrance][city=chongqing];;name;int_name;1476;
railway|subway_entrance|dalian;[railway=subway_entrance][city=dalian];;name;int_name;1477;
railway|subway_entrance|delhi;[railway=subway_entrance][city=delhi];;name;int_name;1478;
railway|subway_entrance|dnepro;[railway=subway_entrance][city=dnepro];;name;int_name;1479;
railway|subway_entrance|dubai;[railway=subway_entrance][city=dubai];;name;int_name;1480;
railway|subway_entrance|ekb;[railway=subway_entrance][city=ekb];;name;int_name;1481;
railway|subway_entrance|fukuoka;[railway=subway_entrance][city=fukuoka];;name;int_name;1482;
railway|subway_entrance|glasgow;[railway=subway_entrance][city=glasgow];;name;int_name;1483;
railway|subway_entrance|guangzhou;[railway=subway_entrance][city=guangzhou];;name;int_name;1484;
railway|subway_entrance|hamburg;[railway=subway_entrance][city=hamburg];;name;int_name;1485;
railway|subway_entrance|helsinki;[railway=subway_entrance][city=helsinki];;name;int_name;1486;
railway|subway_entrance|hiroshima;[railway=subway_entrance][city=hiroshima];;name;int_name;1487;
railway|subway_entrance|isfahan;[railway=subway_entrance][city=isfahan];;name;int_name;1488;
railway|subway_entrance|istanbul;[railway=subway_entrance][city=istanbul];;name;int_name;1489;
railway|subway_entrance|izmir;[railway=subway_entrance][city=izmir];;name;int_name;1490;
railway|subway_entrance|kazan;[railway=subway_entrance][city=kazan];;name;int_name;1491;
railway|subway_entrance|kharkiv;[railway=subway_entrance][city=kharkiv];;name;int_name;1492;
railway|subway_entrance|kobe;[railway=subway_entrance][city=kobe];;name;int_name;1493;
railway|subway_entrance|kolkata;[railway=subway_entrance][city=kolkata];;name;int_name;1494;
railway|subway_entrance|kunming;[railway=subway_entrance][city=kunming];;name;int_name;1495;
railway|subway_entrance|kyoto;[railway=subway_entrance][city=kyoto];;name;int_name;1496;
railway|subway_entrance|la;[railway=subway_entrance][city=la];;name;int_name;1497;
railway|subway_entrance|lausanne;[railway=subway_entrance][city=lausanne];;name;int_name;1498;
railway|subway_entrance|lille;[railway=subway_entrance][city=lille];;name;int_name;1499;
railway|subway_entrance|lima;[railway=subway_entrance][city=lima];;name;int_name;1500;
railway|subway_entrance|lisboa;[railway=subway_entrance][city=lisboa];;name;int_name;1501;
railway|subway_entrance|lisbon;[railway=subway_entrance][city=lisbon];;name;int_name;1502;
railway|subway_entrance|lyon;[railway=subway_entrance][city=lyon];;name;int_name;1503;
railway|subway_entrance|malaga;[railway=subway_entrance][city=malaga];;name;int_name;1504;
railway|subway_entrance|manila;[railway=subway_entrance][city=manila];;name;int_name;1505;
railway|subway_entrance|maracaibo;[railway=subway_entrance][city=maracaibo];;name;int_name;1506;
railway|subway_entrance|mashhad;[railway=subway_entrance][city=mashhad];;name;int_name;1507;
railway|subway_entrance|mecca;[railway=subway_entrance][city=mecca];;name;int_name;1508;
railway|subway_entrance|medellin;[railway=subway_entrance][city=medellin];;name;int_name;1509;
railway|subway_entrance|mexico;[railway=subway_entrance][city=mexico];;name;int_name;1510;
railway|subway_entrance|milan;[railway=subway_entrance][city=milan];;name;int_name;1511;
railway|subway_entrance|montreal;[railway=subway_entrance][city=montreal];;name;int_name;1512;
railway|subway_entrance|munchen;[railway=subway_entrance][city=munchen];;name;int_name;1513;
railway|subway_entrance|nagoya;[railway=subway_entrance][city=nagoya];;name;int_name;1514;
railway|subway_entrance|nnov;[railway=subway_entrance][city=nnov];;name;int_name;1515;
railway|subway_entrance|novosibirsk;[railway=subway_entrance][city=novosibirsk];;name;int_name;1516;
railway|subway_entrance|osaka;[railway=subway_entrance][city=osaka];;name;int_name;1517;
railway|subway_entrance|oslo;[railway=subway_entrance][city=oslo];;name;int_name;1518;
railway|subway_entrance|palma;[railway=subway_entrance][city=palma];;name;int_name;1519;
railway|subway_entrance|panama;[railway=subway_entrance][city=panama];;name;int_name;1520;
railway|subway_entrance|philadelphia;[railway=subway_entrance][city=philadelphia];;name;int_name;1521;
railway|subway_entrance|pyongyang;[railway=subway_entrance][city=pyongyang];;name;int_name;1522;
railway|subway_entrance|rennes;[railway=subway_entrance][city=rennes];;name;int_name;1523;
railway|subway_entrance|rio;[railway=subway_entrance][city=rio];;name;int_name;1524;
railway|subway_entrance|rotterdam;[railway=subway_entrance][city=rotterdam];;name;int_name;1525;
railway|subway_entrance|samara;[railway=subway_entrance][city=samara];;name;int_name;1526;
railway|subway_entrance|santiago;[railway=subway_entrance][city=santiago];;name;int_name;1527;
railway|subway_entrance|santo_domingo;[railway=subway_entrance][city=santo_domingo];;name;int_name;1528;
railway|subway_entrance|saopaulo;[railway=subway_entrance][city=saopaulo];;name;int_name;1529;
railway|subway_entrance|sapporo;[railway=subway_entrance][city=sapporo];;name;int_name;1530;
railway|subway_entrance|sendai;[railway=subway_entrance][city=sendai];;name;int_name;1531;
railway|subway_entrance|sf;[railway=subway_entrance][city=sf];;name;int_name;1532;
railway|subway_entrance|shanghai;[railway=subway_entrance][city=shanghai];;name;int_name;1533;
railway|subway_entrance|shiraz;[railway=subway_entrance][city=shiraz];;name;int_name;1534;
railway|subway_entrance|sofia;[railway=subway_entrance][city=sofia];;name;int_name;1535;
railway|subway_entrance|stockholm;[railway=subway_entrance][city=stockholm];;name;int_name;1536;
railway|subway_entrance|tabriz;[railway=subway_entrance][city=tabriz];;name;int_name;1537;
railway|subway_entrance|taipei;[railway=subway_entrance][city=taipei];;name;int_name;1538;
railway|subway_entrance|taoyuan;[railway=subway_entrance][city=taoyuan];;name;int_name;1539;
railway|subway_entrance|tashkent;[railway=subway_entrance][city=tashkent];;name;int_name;1540;
railway|subway_entrance|tbilisi;[railway=subway_entrance][city=tbilisi];;name;int_name;1541;
railway|subway_entrance|tianjin;[railway=subway_entrance][city=tianjin];;name;int_name;1542;
railway|subway_entrance|tokyo;[railway=subway_entrance][city=tokyo];;name;int_name;1543;
railway|subway_entrance|valencia;[railway=subway_entrance][city=valencia];;name;int_name;1544;
railway|subway_entrance|vienna;[railway=subway_entrance][city=vienna];;name;int_name;1545;
railway|subway_entrance|washington;[railway=subway_entrance][city=washington];;name;int_name;1546;
railway|subway_entrance|wuhan;[railway=subway_entrance][city=wuhan];;name;int_name;1547;
railway|subway_entrance|yerevan;[railway=subway_entrance][city=yerevan];;name;int_name;1548;
railway|subway_entrance|yokohama;[railway=subway_entrance][city=yokohama];;name;int_name;1549;
